{"cameraMode":{"drawMode":0,"name":"Shaded","section":"Shading Mode"},"sceneLighting":false,"audioPlay":false,"sceneViewState":{"m_AlwaysRefresh":false,"showFog":true,"showSkybox":false,"showFlares":true,"showImageEffects":true,"showParticleSystems":true,"showVisualEffectGraphs":true,"m_FxEnabled":true},"in2DMode":false,"pivot":{"x":0.12000000476837158,"y":0.9670000076293945,"z":3.999000072479248},"rotation":{"x":-0.17630787193775178,"y":0.028637109324336053,"z":-0.0051317946054041389,"w":-0.9839090704917908},"size":2.673220634460449,"orthographic":false}