{"cameraMode":{"drawMode":0,"name":"Shaded","section":"Shading Mode"},"sceneLighting":false,"audioPlay":false,"sceneViewState":{"m_AlwaysRefresh":false,"showFog":true,"showSkybox":false,"showFlares":true,"showImageEffects":true,"showParticleSystems":true,"showVisualEffectGraphs":true,"m_FxEnabled":true},"in2DMode":false,"pivot":{"x":-0.05950602889060974,"y":1.7339327335357667,"z":6.631676197052002},"rotation":{"x":-0.07216497510671616,"y":-0.047252170741558078,"z":0.003532995004206896,"w":-0.9963344931602478},"size":2.5663156509399416,"orthographic":false}