{"cameraMode":{"drawMode":0,"name":"Shaded","section":"Shading Mode"},"sceneLighting":false,"audioPlay":false,"sceneViewState":{"m_AlwaysRefresh":false,"showFog":true,"showSkybox":false,"showFlares":true,"showImageEffects":true,"showParticleSystems":true,"showVisualEffectGraphs":true,"m_FxEnabled":true},"in2DMode":false,"pivot":{"x":3.2703046798706056,"y":0.3980751931667328,"z":2.3422348499298097},"rotation":{"x":-0.24314267933368684,"y":0.07325545698404312,"z":-0.018395451828837396,"w":-0.9670884609222412},"size":1.299038052558899,"orthographic":false}