{"cameraMode":{"drawMode":0,"name":"Shaded","section":"Shading Mode"},"sceneLighting":false,"audioPlay":false,"sceneViewState":{"m_AlwaysRefresh":false,"showFog":true,"showSkybox":false,"showFlares":true,"showImageEffects":true,"showParticleSystems":true,"showVisualEffectGraphs":true,"m_FxEnabled":true},"in2DMode":false,"pivot":{"x":-2.7305262088775636,"y":3.300074577331543,"z":1.6657214164733887},"rotation":{"x":-0.11703938245773316,"y":-0.011307814158499241,"z":0.001441647531464696,"w":-0.9931285381317139},"size":2.0161757469177248,"orthographic":false}