{"cameraMode":{"drawMode":0,"name":"Shaded","section":"Shading Mode"},"sceneLighting":false,"audioPlay":false,"sceneViewState":{"m_AlwaysRefresh":false,"showFog":true,"showSkybox":false,"showFlares":true,"showImageEffects":true,"showParticleSystems":true,"showVisualEffectGraphs":true,"m_FxEnabled":true},"in2DMode":false,"pivot":{"x":1.8447165489196778,"y":2.6030592918395998,"z":7.774455547332764},"rotation":{"x":-0.0812169760465622,"y":0.012556656263768673,"z":-0.0010235127992928029,"w":-0.9966471195220947},"size":3.0170576572418215,"orthographic":false}