{"cameraMode":{"drawMode":0,"name":"Shaded","section":"Shading Mode"},"sceneLighting":false,"audioPlay":false,"sceneViewState":{"m_AlwaysRefresh":false,"showFog":true,"showSkybox":false,"showFlares":true,"showImageEffects":true,"showParticleSystems":true,"showVisualEffectGraphs":true,"m_FxEnabled":true},"in2DMode":false,"pivot":{"x":-0.47170567512512209,"y":1.554634690284729,"z":2.5314650535583498},"rotation":{"x":0.08078276365995407,"y":-0.7984074950218201,"z":0.10989267379045487,"w":0.5865430235862732},"size":1.299038052558899,"orthographic":false}